,capacity,status,efficiency,carrier2,emission_factor,fuel,VOM,availability,mustrun
0,13.0,operating,0.38,Bioenergy,0.0,9.0,2.1,0.9,0.0
1,9.8,operating,0.38,Bioenergy,0.0,9.0,2.1,0.9,0.0
2,138.9,operating,0.38,Bioenergy,0.0,9.0,2.1,0.9,0.0
3,16.0,operating,0.38,Bioenergy,0.0,9.0,2.1,0.9,0.0
4,18.3,operating,0.38,Bioenergy,0.0,9.0,2.1,0.9,0.0
5,17.7,operating,0.38,Bioenergy,0.0,9.0,2.1,0.9,0.0
6,16.5,operating,0.38,Bioenergy,0.0,9.0,2.1,0.9,0.0
7,20.0,operating,0.38,Bioenergy,0.0,9.0,2.1,0.9,0.0
8,18.1,operating,0.38,Bioenergy,0.0,9.0,2.1,0.9,0.0
9,18.0,operating,0.38,Bioenergy,0.0,9.0,2.1,0.9,0.0
10,13.2,operating,0.38,Bioenergy,0.0,9.0,2.1,0.9,0.0
11,8.0,operating,0.38,Bioenergy,0.0,9.0,2.1,0.9,0.0
12,22.0,operating,0.38,Bioenergy,0.0,9.0,2.1,0.9,0.0
13,52.0,operating,0.468,Bioenergy,0.0,9.0,2.1,0.9,0.0
14,10.6,operating,0.38,Bioenergy,0.0,9.0,2.1,0.9,0.0
15,12.6,operating,0.38,Bioenergy,0.0,9.0,2.1,0.9,0.0
16,12.4,operating,0.38,Bioenergy,0.0,9.0,2.1,0.9,0.0
17,12.1,operating,0.38,Bioenergy,0.0,9.0,2.1,0.9,0.0
18,20.0,operating,0.38,Bioenergy,0.0,9.0,2.1,0.9,0.0
19,20.0,operating,0.38,Bioenergy,0.0,9.0,2.1,0.9,0.0
20,14.5,operating,0.38,Bioenergy,0.0,9.0,2.1,0.9,0.0
21,78.0,operating,0.38,Bioenergy,0.0,9.0,2.1,0.9,0.0
22,17.1,operating,0.38,Bioenergy,0.0,9.0,2.1,0.9,0.0
23,15.13,operating,0.38,Bioenergy,0.0,9.0,2.1,0.9,0.0
24,22.0,operating,0.38,Bioenergy,0.0,9.0,2.1,0.9,0.0
25,20.0,operating,0.38,Bioenergy,0.0,9.0,2.1,0.9,0.0
26,18.1,operating,0.38,Bioenergy,0.0,9.0,2.1,0.9,0.0
27,9.8,operating,0.38,Bioenergy,0.0,9.0,2.1,0.9,0.0
28,17.9,operating,0.38,Bioenergy,0.0,9.0,2.1,0.9,0.0
29,40.0,operating,0.38,Bioenergy,0.0,9.0,2.1,0.9,0.0
30,15.6,operating,0.38,Bioenergy,0.0,9.0,2.1,0.9,0.0
31,20.0,operating,0.38,Bioenergy,0.0,9.0,2.1,0.9,0.0
32,12.3,operating,0.38,Bioenergy,0.0,9.0,2.1,0.9,0.0
33,15.0,operating,0.38,Bioenergy,0.0,9.0,2.1,0.9,0.0
34,13.9934,operating,0.38,Bioenergy,0.0,9.0,2.1,0.9,0.0
35,6.7,operating,0.38,Bioenergy,0.0,9.0,2.1,0.9,0.0
36,18.3,operating,0.38,Bioenergy,0.0,9.0,2.1,0.9,0.0
37,13.3,shutdown_temporary,0.38,Bioenergy,0.0,9.0,2.1,0.9,0.0
38,1.92,operating,0.4504,Bioenergy,0.0,9.0,2.1,0.9,0.0
39,1.1,operating,0.38,Bioenergy,0.0,9.0,2.1,0.9,0.0
40,0.8,operating,0.38,Bioenergy,0.0,9.0,2.1,0.9,0.0
41,18.6,operating,0.38,Bioenergy,0.0,9.0,2.1,0.9,0.0
42,8.7,operating,0.38,Bioenergy,0.0,9.0,2.1,0.9,0.0
43,4.5,operating,0.38,Bioenergy,0.0,9.0,2.1,0.9,0.0
44,14.0,operating,0.38,Bioenergy,0.0,9.0,2.1,0.9,0.0
45,17.8,operating,0.38,Bioenergy,0.0,9.0,2.1,0.9,0.0
47,336.0,operating,0.44,Hard coal,0.354,8.73,2.9,0.8,0.3
48,433.0,operating,0.455,Hard coal,0.354,8.73,2.9,0.8,0.3
49,717.0,seasonal_conservation,0.3775,Hard coal,0.354,8.73,2.9,0.8,0.3
50,124.0,reserve,0.3475,Hard coal,0.354,8.73,2.9,0.8,0.3
51,89.0,operating,0.4,Hard coal,0.354,8.73,2.9,0.8,0.3
52,282.0,operating,0.3925,Hard coal,0.354,8.73,2.9,0.8,0.3
53,282.0,operating,0.395,Hard coal,0.354,8.73,2.9,0.8,0.3
54,726.0,operating,0.3825,Hard coal,0.354,8.73,2.9,0.8,0.3
55,43.3,operating,0.468,Hard coal,0.354,8.73,2.9,0.8,0.3
56,119.0,operating,0.3975,Hard coal,0.354,8.73,2.9,0.8,0.3
58,303.0,operating,0.3725,Hard coal,0.354,8.73,2.9,0.8,0.3
59,350.0,operating,0.4425,Hard coal,0.354,8.73,2.9,0.8,0.3
64,95.0,reserve,0.3875,Hard coal,0.354,8.73,2.9,0.8,0.3
67,370.0,operating,0.395,Hard coal,0.354,8.73,2.9,0.8,0.3
68,725.0,operating,0.4575,Hard coal,0.354,8.73,2.9,0.8,0.3
69,283.0,reserve,0.4525,Hard coal,0.354,8.73,2.9,0.8,0.3
70,106.0,reserve,0.3325,Hard coal,0.354,8.73,2.9,0.8,0.3
71,17.4,operating,0.38,Hard coal,0.354,8.73,2.9,0.8,0.3
72,31.0,operating,0.504,Hard coal,0.354,8.73,2.9,0.8,0.3
73,33.0,operating,0.4905,Hard coal,0.354,8.73,2.9,0.8,0.3
74,33.0,operating,0.4725,Hard coal,0.354,8.73,2.9,0.8,0.3
77,61.5,operating,0.395,Hard coal,0.354,8.73,2.9,0.8,0.3
78,61.5,operating,0.3975,Hard coal,0.354,8.73,2.9,0.8,0.3
79,345.0,operating,0.3475,Hard coal,0.354,8.73,2.9,0.8,0.3
80,345.0,operating,0.345,Hard coal,0.354,8.73,2.9,0.8,0.3
84,70.0,operating,0.3875,Hard coal,0.354,8.73,2.9,0.8,0.3
87,510.0,operating,0.405,Hard coal,0.354,8.73,2.9,0.8,0.3
88,194.0,operating,0.4075,Hard coal,0.354,8.73,2.9,0.8,0.3
89,123.0,operating,0.4075,Hard coal,0.354,8.73,2.9,0.8,0.3
90,137.0,operating,0.4075,Hard coal,0.354,8.73,2.9,0.8,0.3
93,763.7,operating,0.46,Hard coal,0.354,8.73,2.9,0.8,0.3
96,136.0,operating,0.3975,Hard coal,0.354,8.73,2.9,0.8,0.3
97,136.0,operating,0.3975,Hard coal,0.354,8.73,2.9,0.8,0.3
98,125.0,operating,0.45,Hard coal,0.354,8.73,2.9,0.8,0.3
99,125.0,operating,0.45,Hard coal,0.354,8.73,2.9,0.8,0.3
100,778.0,operating,0.4475,Hard coal,0.354,8.73,2.9,0.8,0.3
103,280.0,reserve,0.34,Hard coal,0.354,8.73,2.9,0.8,0.3
104,449.0,operating,0.4575,Hard coal,0.354,8.73,2.9,0.8,0.3
105,690.0,operating,0.4325,Hard coal,0.354,8.73,2.9,0.8,0.3
106,794.0,seasonal_conservation,0.4475,Hard coal,0.354,8.73,2.9,0.8,0.3
107,66.0,operating,0.3975,Hard coal,0.354,8.73,2.9,0.8,0.3
108,13.4,operating,0.415,Hard coal,0.354,8.73,2.9,0.8,0.3
109,517.0,operating,0.4375,Hard coal,0.354,8.73,2.9,0.8,0.3
110,834.0,operating,0.46,Hard coal,0.354,8.73,2.9,0.8,0.3
111,323.0,reserve,0.35,Hard coal,0.354,8.73,2.9,0.8,0.3
112,26.0,operating,0.3175,Hard coal,0.354,8.73,2.9,0.8,0.3
113,110.0,operating,0.3525,Hard coal,0.354,8.73,2.9,0.8,0.3
114,103.0,operating,0.33,Hard coal,0.354,8.73,2.9,0.8,0.3
115,149.0,reserve,0.33,Hard coal,0.354,8.73,2.9,0.8,0.3
116,324.0,reserve,0.35,Hard coal,0.354,8.73,2.9,0.8,0.3
119,255.0,operating,0.4375,Hard coal,0.354,8.73,2.9,0.8,0.3
120,425.0,operating,0.38,Hard coal,0.354,8.73,2.9,0.8,0.3
121,435.0,operating,0.4075,Hard coal,0.354,8.73,2.9,0.8,0.3
122,843.0,operating,0.4625,Hard coal,0.354,8.73,2.9,0.8,0.3
123,55.56,operating,0.4095,Hard coal,0.354,8.73,2.9,0.8,0.3
125,68.4,operating,0.4635,Hard coal,0.354,8.73,2.9,0.8,0.3
126,169.32,operating,0.4,Hard coal,0.354,8.73,2.9,0.8,0.3
127,54.0,operating,0.4,Hard coal,0.354,8.73,2.9,0.8,0.3
128,875.0,operating,0.3925,Hard coal,0.354,8.73,2.9,0.8,0.3
129,26.9,operating,0.4,Hard coal,0.354,8.73,2.9,0.8,0.3
132,655.6,operating,0.365,Hard coal,0.354,8.73,2.9,0.8,0.3
133,514.0,operating,0.41,Hard coal,0.354,8.73,2.9,0.8,0.3
134,50.0,seasonal_conservation,0.4375,Hard coal,0.354,8.73,2.9,0.8,0.3
135,24.79,operating,0.35,Hard coal,0.354,8.73,2.9,0.8,0.3
137,45.0,operating,0.38,Hard coal,0.354,8.73,2.9,0.8,0.3
138,45.0,operating,0.385,Hard coal,0.354,8.73,2.9,0.8,0.3
139,332.7,operating,0.4025,Hard coal,0.354,8.73,2.9,0.8,0.3
144,179.0,seasonal_conservation,0.38,Hard coal,0.354,8.73,2.9,0.8,0.3
145,211.0,operating,0.3975,Hard coal,0.354,8.73,2.9,0.8,0.3
146,96.0,operating,0.4525,Hard coal,0.354,8.73,2.9,0.8,0.3
147,148.0,operating,0.4525,Hard coal,0.354,8.73,2.9,0.8,0.3
149,310.0,reserve,0.38,Hard coal,0.354,8.73,2.9,0.8,0.3
150,614.0,reserve,0.385,Hard coal,0.354,8.73,2.9,0.8,0.3
151,757.0,operating,0.365,Hard coal,0.354,8.73,2.9,0.8,0.3
152,61.5,operating,0.425,Hard coal,0.354,8.73,2.9,0.8,0.3
153,61.5,operating,0.425,Hard coal,0.354,8.73,2.9,0.8,0.3
154,138.5,operating,0.3875,Hard coal,0.354,8.73,2.9,0.8,0.3
155,138.5,operating,0.3875,Hard coal,0.354,8.73,2.9,0.8,0.3
156,85.0,reserve,0.405,Hard coal,0.354,8.73,2.9,0.8,0.3
157,472.0,operating,0.4525,Hard coal,0.354,8.73,2.9,0.8,0.3
158,19.0,operating,0.4,Hard coal,0.354,8.73,2.9,0.8,0.3
159,20.7,operating,0.405,Hard coal,0.354,8.73,2.9,0.8,0.3
160,40.0,special_case,0.3375,Hard coal,0.354,8.73,2.9,0.8,0.3
161,735.0,operating,0.4575,Hard coal,0.354,8.73,2.9,0.8,0.3
162,800.0,operating,0.4625,Hard coal,0.354,8.73,2.9,0.8,0.3
163,800.0,operating,0.4625,Hard coal,0.354,8.73,2.9,0.8,0.3
164,731.0,operating,0.4625,Hard coal,0.354,8.73,2.9,0.8,0.3
165,79.5,operating,0.8,Hydro,0.0,0.0,0.0,1.0,0.0
166,24.0,operating,0.8,Hydro,0.0,0.0,0.0,1.0,0.0
167,0.1,operating,0.8,Hydro,0.0,0.0,0.0,1.0,0.0
169,84.0,operating,0.8,Hydro,0.0,0.0,0.0,1.0,0.0
170,36.8,operating,0.8,Hydro,0.0,0.0,0.0,1.0,0.0
171,360.0,operating,0.75,Hydro,0.0,0.0,0.0,1.0,0.0
172,23.7,operating,0.8,Hydro,0.0,0.0,0.0,1.0,0.0
173,45.0,operating,0.8,Hydro,0.0,0.0,0.0,1.0,0.0
174,145.0,operating,0.75,Hydro,0.0,0.0,0.0,1.0,0.0
175,480.0,operating,0.75,Hydro,0.0,0.0,0.0,1.0,0.0
176,20.0,operating,0.9,Hydro,0.0,0.0,0.0,1.0,0.0
177,72.5,operating,0.8,Hydro,0.0,0.0,0.0,1.0,0.0
178,138.0,operating,0.75,Hydro,0.0,0.0,0.0,1.0,0.0
179,22.0,operating,0.8,Hydro,0.0,0.0,0.0,1.0,0.0
180,43.0,operating,0.75,Hydro,0.0,0.0,0.0,1.0,0.0
181,25.0,operating,0.8,Hydro,0.0,0.0,0.0,1.0,0.0
182,119.1,operating,0.75,Hydro,0.0,0.0,0.0,1.0,0.0
185,164.0,operating,0.75,Hydro,0.0,0.0,0.0,1.0,0.0
186,1052.0,operating,0.75,Hydro,0.0,0.0,0.0,1.0,0.0
190,37.9,operating,0.8,Hydro,0.0,0.0,0.0,1.0,0.0
191,66.0,operating,0.8,Hydro,0.0,0.0,0.0,1.0,0.0
192,160.0,special_case,0.75,Hydro,0.0,0.0,0.0,1.0,0.0
193,100.0,operating,0.75,Hydro,0.0,0.0,0.0,1.0,0.0
194,165.0,operating,0.75,Hydro,0.0,0.0,0.0,1.0,0.0
195,59.8,operating,0.75,Hydro,0.0,0.0,0.0,1.0,0.0
197,317.8,operating,0.75,Hydro,0.0,0.0,0.0,1.0,0.0
205,148.0,operating,0.8,Hydro,0.0,0.0,0.0,1.0,0.0
208,100.0,special_case,0.8,Hydro,0.0,0.0,0.0,1.0,0.0
209,124.0,operating,0.8,Hydro,0.0,0.0,0.0,1.0,0.0
210,220.0,operating,0.75,Hydro,0.0,0.0,0.0,1.0,0.0
214,1045.2,operating,0.75,Hydro,0.0,0.0,0.0,1.0,0.0
220,90.0,operating,0.75,Hydro,0.0,0.0,0.0,1.0,0.0
221,20.2,operating,0.8,Hydro,0.0,0.0,0.0,1.0,0.0
222,26.1,operating,0.8,Hydro,0.0,0.0,0.0,1.0,0.0
223,20.0,operating,0.8,Hydro,0.0,0.0,0.0,1.0,0.0
224,39.8,operating,0.75,Hydro,0.0,0.0,0.0,1.0,0.0
226,48.0,operating,0.8,Hydro,0.0,0.0,0.0,1.0,0.0
227,60.0,special_case,0.8,Hydro,0.0,0.0,0.0,1.0,0.0
232,53.7,operating,0.8,Hydro,0.0,0.0,0.0,1.0,0.0
233,86.4,operating,0.8,Hydro,0.0,0.0,0.0,1.0,0.0
234,19.4,operating,0.8,Hydro,0.0,0.0,0.0,1.0,0.0
235,25.0,operating,0.8,Hydro,0.0,0.0,0.0,1.0,0.0
237,19.0,operating,0.8,Hydro,0.0,0.0,0.0,1.0,0.0
238,46.7,operating,0.8,Hydro,0.0,0.0,0.0,1.0,0.0
239,35.1,operating,0.8,Hydro,0.0,0.0,0.0,1.0,0.0
240,45.5,operating,0.9,Hydro,0.0,0.0,0.0,1.0,0.0
241,38.2,operating,0.8,Hydro,0.0,0.0,0.0,1.0,0.0
242,30.0,operating,0.8,Hydro,0.0,0.0,0.0,1.0,0.0
243,24.0,operating,0.8,Hydro,0.0,0.0,0.0,1.0,0.0
244,79.8,operating,0.75,Hydro,0.0,0.0,0.0,1.0,0.0
247,25.0,operating,0.8,Hydro,0.0,0.0,0.0,1.0,0.0
249,23.2,operating,0.8,Hydro,0.0,0.0,0.0,1.0,0.0
250,21.5,operating,0.8,Hydro,0.0,0.0,0.0,1.0,0.0
251,28.0,operating,0.75,Hydro,0.0,0.0,0.0,1.0,0.0
252,3.3,operating,0.8,Hydro,0.0,0.0,0.0,1.0,0.0
253,1.8,operating,0.8,Hydro,0.0,0.0,0.0,1.0,0.0
254,85.3,operating,0.8,Hydro,0.0,0.0,0.0,1.0,0.0
255,99.0,operating,0.75,Hydro,0.0,0.0,0.0,1.0,0.0
257,48.0,operating,0.75,Hydro,0.0,0.0,0.0,1.0,0.0
258,44.0,operating,0.75,Hydro,0.0,0.0,0.0,1.0,0.0
271,23.3,operating,0.8,Hydro,0.0,0.0,0.0,1.0,0.0
272,150.0,operating,0.75,Hydro,0.0,0.0,0.0,1.0,0.0
273,25.0,operating,0.8,Hydro,0.0,0.0,0.0,1.0,0.0
274,24.1,operating,0.8,Hydro,0.0,0.0,0.0,1.0,0.0
275,910.0,operating,0.75,Hydro,0.0,0.0,0.0,1.0,0.0
276,79.7,operating,0.75,Hydro,0.0,0.0,0.0,1.0,0.0
278,20.0,operating,0.8,Hydro,0.0,0.0,0.0,1.0,0.0
279,220.0,operating,0.75,Hydro,0.0,0.0,0.0,1.0,0.0
280,9.9,operating,0.8,Hydro,0.0,0.0,0.0,1.0,0.0
281,15.0,operating,0.9,Hydro,0.0,0.0,0.0,1.0,0.0
282,10.3,operating,0.8,Hydro,0.0,0.0,0.0,1.0,0.0
283,11.0,operating,0.8,Hydro,0.0,0.0,0.0,1.0,0.0
284,15.0,operating,0.8,Hydro,0.0,0.0,0.0,1.0,0.0
285,26.0,operating,0.8,Hydro,0.0,0.0,0.0,1.0,0.0
286,16.4,operating,0.8,Hydro,0.0,0.0,0.0,1.0,0.0
287,9.7,operating,0.8,Hydro,0.0,0.0,0.0,1.0,0.0
288,18.4,operating,0.8,Hydro,0.0,0.0,0.0,1.0,0.0
289,17.8,operating,0.8,Hydro,0.0,0.0,0.0,1.0,0.0
290,12.1,operating,0.8,Hydro,0.0,0.0,0.0,1.0,0.0
291,14.0,operating,0.8,Hydro,0.0,0.0,0.0,1.0,0.0
292,16.0,operating,0.8,Hydro,0.0,0.0,0.0,1.0,0.0
293,10.0,operating,0.8,Hydro,0.0,0.0,0.0,1.0,0.0
294,19.8,operating,0.8,Hydro,0.0,0.0,0.0,1.0,0.0
295,16.7,operating,0.8,Hydro,0.0,0.0,0.0,1.0,0.0
296,14.5,operating,0.8,Hydro,0.0,0.0,0.0,1.0,0.0
297,16.0,operating,0.8,Hydro,0.0,0.0,0.0,1.0,0.0
298,10.1,operating,0.8,Hydro,0.0,0.0,0.0,1.0,0.0
299,10.1,operating,0.8,Hydro,0.0,0.0,0.0,1.0,0.0
300,19.2,operating,0.8,Hydro,0.0,0.0,0.0,1.0,0.0
301,11.3,operating,0.8,Hydro,0.0,0.0,0.0,1.0,0.0
302,12.0,operating,0.8,Hydro,0.0,0.0,0.0,1.0,0.0
303,22.3,operating,0.8,Hydro,0.0,0.0,0.0,1.0,0.0
304,16.4,operating,0.8,Hydro,0.0,0.0,0.0,1.0,0.0
305,16.4,operating,0.8,Hydro,0.0,0.0,0.0,1.0,0.0
306,16.2,operating,0.8,Hydro,0.0,0.0,0.0,1.0,0.0
307,14.8,operating,0.8,Hydro,0.0,0.0,0.0,1.0,0.0
308,27.0,operating,0.8,Hydro,0.0,0.0,0.0,1.0,0.0
309,11.9,operating,0.8,Hydro,0.0,0.0,0.0,1.0,0.0
310,12.6,operating,0.8,Hydro,0.0,0.0,0.0,1.0,0.0
311,12.6,operating,0.8,Hydro,0.0,0.0,0.0,1.0,0.0
312,12.1,operating,0.8,Hydro,0.0,0.0,0.0,1.0,0.0
313,10.9,operating,0.8,Hydro,0.0,0.0,0.0,1.0,0.0
314,18.9,operating,0.8,Hydro,0.0,0.0,0.0,1.0,0.0
315,12.0,operating,0.8,Hydro,0.0,0.0,0.0,1.0,0.0
316,12.2,operating,0.8,Hydro,0.0,0.0,0.0,1.0,0.0
317,12.3,operating,0.8,Hydro,0.0,0.0,0.0,1.0,0.0
318,10.5,operating,0.8,Hydro,0.0,0.0,0.0,1.0,0.0
319,16.6,operating,0.8,Hydro,0.0,0.0,0.0,1.0,0.0
320,11.2,operating,0.8,Hydro,0.0,0.0,0.0,1.0,0.0
321,12.3,operating,0.8,Hydro,0.0,0.0,0.0,1.0,0.0
322,18.0,operating,0.8,Hydro,0.0,0.0,0.0,1.0,0.0
323,18.8,operating,0.8,Hydro,0.0,0.0,0.0,1.0,0.0
324,12.8,operating,0.8,Hydro,0.0,0.0,0.0,1.0,0.0
325,12.6,operating,0.8,Hydro,0.0,0.0,0.0,1.0,0.0
326,13.6,operating,0.8,Hydro,0.0,0.0,0.0,1.0,0.0
327,18.95,operating,0.8,Hydro,0.0,0.0,0.0,1.0,0.0
332,875.0,operating,0.4,Lignite,0.334,3.2,2.9,0.85,0.3
333,875.0,operating,0.3976,Lignite,0.334,3.2,2.9,0.85,0.3
334,465.0,operating,0.3832,Lignite,0.334,3.2,2.9,0.85,0.3
335,465.0,operating,0.3856,Lignite,0.334,3.2,2.9,0.85,0.3
336,857.0,operating,0.4,Lignite,0.334,3.2,2.9,0.85,0.3
337,56.8,operating,0.3712,Lignite,0.334,3.2,2.9,0.85,0.3
338,90.8,operating,0.376,Lignite,0.334,3.2,2.9,0.85,0.3
339,74.0,operating,0.3976,Lignite,0.334,3.2,2.9,0.85,0.3
340,67.0,operating,0.3784,Lignite,0.334,3.2,2.9,0.85,0.3
341,176.0,operating,0.3712,Lignite,0.334,3.2,2.9,0.85,0.3
353,284.0,reserve,0.376,Lignite,0.334,3.2,2.9,0.85,0.3
354,278.0,reserve,0.376,Lignite,0.334,3.2,2.9,0.85,0.3
355,352.0,reserve,0.364,Lignite,0.334,3.2,2.9,0.85,0.3
356,40.0,shutdown_temporary,0.3808,Lignite,0.334,3.2,2.9,0.85,0.3
359,98.0,operating,0.3784,Lignite,0.334,3.2,2.9,0.85,0.3
360,33.5,operating,0.3736,Lignite,0.334,3.2,2.9,0.85,0.3
361,75.3,operating,0.424,Lignite,0.334,3.2,2.9,0.85,0.3
363,294.0,operating,0.3328,Lignite,0.334,3.2,2.9,0.85,0.3
364,294.0,operating,0.3328,Lignite,0.334,3.2,2.9,0.85,0.3
365,292.0,reserve,0.3352,Lignite,0.334,3.2,2.9,0.85,0.3
366,607.0,operating,0.34,Lignite,0.334,3.2,2.9,0.85,0.3
367,604.0,operating,0.3424,Lignite,0.334,3.2,2.9,0.85,0.3
368,297.0,operating,0.3232,Lignite,0.334,3.2,2.9,0.85,0.3
369,299.0,reserve,0.3304,Lignite,0.334,3.2,2.9,0.85,0.3
370,648.0,operating,0.4216,Lignite,0.334,3.2,2.9,0.85,0.3
371,628.0,operating,0.4192,Lignite,0.334,3.2,2.9,0.85,0.3
372,944.0,operating,0.4048,Lignite,0.334,3.2,2.9,0.85,0.3
375,295.0,operating,0.316,Lignite,0.334,3.2,2.9,0.85,0.3
376,295.0,reserve,0.328,Lignite,0.334,3.2,2.9,0.85,0.3
377,15.0,operating,0.3784,Lignite,0.334,3.2,2.9,0.85,0.3
378,465.0,operating,0.3904,Lignite,0.334,3.2,2.9,0.85,0.3
379,465.0,operating,0.3904,Lignite,0.334,3.2,2.9,0.85,0.3
380,465.0,operating,0.3904,Lignite,0.334,3.2,2.9,0.85,0.3
381,465.0,operating,0.3904,Lignite,0.334,3.2,2.9,0.85,0.3
382,465.0,reserve,0.3688,Lignite,0.334,3.2,2.9,0.85,0.3
383,465.0,reserve,0.3736,Lignite,0.334,3.2,2.9,0.85,0.3
384,450.0,operating,0.3904,Lignite,0.334,3.2,2.9,0.85,0.3
385,450.0,operating,0.3904,Lignite,0.334,3.2,2.9,0.85,0.3
386,750.0,operating,0.3928,Lignite,0.334,3.2,2.9,0.85,0.3
387,750.0,operating,0.3952,Lignite,0.334,3.2,2.9,0.85,0.3
388,31.0,operating,0.3856,Lignite,0.334,3.2,2.9,0.85,0.3
391,321.0,operating,0.316,Lignite,0.334,3.2,2.9,0.85,0.3
392,321.0,operating,0.3208,Lignite,0.334,3.2,2.9,0.85,0.3
393,663.0,operating,0.3376,Lignite,0.334,3.2,2.9,0.85,0.3
394,656.0,operating,0.34,Lignite,0.334,3.2,2.9,0.85,0.3
395,19.5,operating,0.424,Lignite,0.334,3.2,2.9,0.85,0.3
396,14.5,operating,0.3496,Lignite,0.334,3.2,2.9,0.85,0.3
397,23.22,operating,0.4096,Lignite,0.334,3.2,2.9,0.85,0.3
398,20.3,operating,0.4336,Lignite,0.334,3.2,2.9,0.85,0.3
399,10.0,operating,0.388,Lignite,0.334,3.2,2.9,0.85,0.3
400,10.0,operating,0.388,Lignite,0.334,3.2,2.9,0.85,0.3
401,23.3,operating,0.3832,Lignite,0.334,3.2,2.9,0.85,0.3
402,1060.0,operating,0.4288,Lignite,0.334,3.2,2.9,0.85,0.3
403,1060.0,operating,0.4288,Lignite,0.334,3.2,2.9,0.85,0.3
404,640.0,operating,0.4288,Lignite,0.334,3.2,2.9,0.85,0.3
405,27.5,operating,0.3136,Lignite,0.334,3.2,2.9,0.85,0.3
406,45.0,operating,0.3496,Lignite,0.334,3.2,2.9,0.85,0.3
407,9.3,operating,0.3592,Lignite,0.334,3.2,2.9,0.85,0.3
408,37.5,shutdown_temporary,0.354,Natural gas,0.187,0.0,4.0,0.9,0.2
409,37.5,shutdown_temporary,0.354,Natural gas,0.187,0.0,4.0,0.9,0.2
410,37.5,shutdown_temporary,0.354,Natural gas,0.187,0.0,4.0,0.9,0.2
411,37.5,shutdown_temporary,0.354,Natural gas,0.187,0.0,4.0,0.9,0.2
412,11.0,operating,0.3267,Natural gas,0.187,0.0,4.0,0.9,0.2
413,65.0,operating,0.3722,Natural gas,0.187,0.0,4.0,0.9,0.2
414,50.0,operating,0.3046,Natural gas,0.187,0.0,4.0,0.9,0.2
415,57.0,operating,0.3098,Natural gas,0.187,0.0,4.0,0.9,0.2
416,81.0,operating,0.315,Natural gas,0.187,0.0,4.0,0.9,0.2
417,15.1,operating,0.3773,Natural gas,0.187,0.0,4.0,0.9,0.2
418,30.7,operating,0.3904,Natural gas,0.187,0.0,4.0,0.9,0.2
419,17.8,operating,0.3784,Natural gas,0.187,0.0,4.0,0.9,0.2
421,78.0,operating,0.5895,Natural gas,0.187,0.0,4.0,0.9,0.2
422,444.0,operating,0.522,Natural gas,0.187,0.0,4.0,0.9,0.2
423,144.0,operating,0.3575,Natural gas,0.187,0.0,4.0,0.9,0.2
424,144.0,reserve,0.3542,Natural gas,0.187,0.0,4.0,0.9,0.2
425,144.0,reserve,0.3564,Natural gas,0.187,0.0,4.0,0.9,0.2
426,144.0,reserve,0.3956,Natural gas,0.187,0.0,4.0,0.9,0.2
427,164.0,operating,0.4037,Natural gas,0.187,0.0,4.0,0.9,0.2
428,140.5,operating,0.63,Natural gas,0.187,0.0,4.0,0.9,0.2
429,23.0,operating,0.3597,Natural gas,0.187,0.0,4.0,0.9,0.2
431,37.5,operating,0.5625,Natural gas,0.187,0.0,4.0,0.9,0.2
432,41.0,special_case,0.3476,Natural gas,0.187,0.0,4.0,0.9,0.2
433,106.0,operating,0.54,Natural gas,0.187,0.0,4.0,0.9,0.2
435,44.0,operating,0.3993,Natural gas,0.187,0.0,4.0,0.9,0.2
436,95.0,operating,0.3993,Natural gas,0.187,0.0,4.0,0.9,0.2
438,36.0,operating,0.3817,Natural gas,0.187,0.0,4.0,0.9,0.2
439,160.0,operating,0.513,Natural gas,0.187,0.0,4.0,0.9,0.2
440,20.0,operating,0.4095,Natural gas,0.187,0.0,4.0,0.9,0.2
441,74.0,operating,0.585,Natural gas,0.187,0.0,4.0,0.9,0.2
442,25.0,operating,0.289,Natural gas,0.187,0.0,4.0,0.9,0.2
444,13.5,operating,0.3696,Natural gas,0.187,0.0,4.0,0.9,0.2
445,120.0,operating,0.5445,Natural gas,0.187,0.0,4.0,0.9,0.2
446,50.0,operating,0.3619,Natural gas,0.187,0.0,4.0,0.9,0.2
447,73.1,operating,0.3872,Natural gas,0.187,0.0,4.0,0.9,0.2
448,57.2,shutdown_temporary,0.3696,Natural gas,0.187,0.0,4.0,0.9,0.2
449,39.0,operating,0.3806,Natural gas,0.187,0.0,4.0,0.9,0.2
450,586.0,operating,0.54,Natural gas,0.187,0.0,4.0,0.9,0.2
451,26.0,operating,0.3894,Natural gas,0.187,0.0,4.0,0.9,0.2
452,260.0,operating,0.5175,Natural gas,0.187,0.0,4.0,0.9,0.2
453,40.0,operating,0.3872,Natural gas,0.187,0.0,4.0,0.9,0.2
454,234.0,operating,0.5625,Natural gas,0.187,0.0,4.0,0.9,0.2
455,100.0,operating,0.54,Natural gas,0.187,0.0,4.0,0.9,0.2
456,64.7,operating,0.315,Natural gas,0.187,0.0,4.0,0.9,0.2
457,66.7,operating,0.3124,Natural gas,0.187,0.0,4.0,0.9,0.2
458,293.0,reserve,0.3597,Natural gas,0.187,0.0,4.0,0.9,0.2
459,4.0,operating,0.3597,Natural gas,0.187,0.0,4.0,0.9,0.2
460,46.6,operating,0.3773,Natural gas,0.187,0.0,4.0,0.9,0.2
461,321.0,operating,0.3956,Natural gas,0.187,0.0,4.0,0.9,0.2
462,57.0,operating,0.3927,Natural gas,0.187,0.0,4.0,0.9,0.2
463,433.0,shutdown_temporary,0.3553,Natural gas,0.187,0.0,4.0,0.9,0.2
465,76.5,operating,0.5355,Natural gas,0.187,0.0,4.0,0.9,0.2
466,32.6,operating,0.603,Natural gas,0.187,0.0,4.0,0.9,0.2
467,21.6,operating,0.5625,Natural gas,0.187,0.0,4.0,0.9,0.2
468,6.7,operating,0.603,Natural gas,0.187,0.0,4.0,0.9,0.2
469,48.0,operating,0.5265,Natural gas,0.187,0.0,4.0,0.9,0.2
470,70.0,operating,0.3894,Natural gas,0.187,0.0,4.0,0.9,0.2
471,99.0,operating,0.3784,Natural gas,0.187,0.0,4.0,0.9,0.2
472,56.0,reserve,0.3956,Natural gas,0.187,0.0,4.0,0.9,0.2
473,38.6,special_case,0.531,Natural gas,0.187,0.0,4.0,0.9,0.2
475,18.8,operating,0.3828,Natural gas,0.187,0.0,4.0,0.9,0.2
476,14.7,operating,0.3696,Natural gas,0.187,0.0,4.0,0.9,0.2
477,30.0,operating,0.4037,Natural gas,0.187,0.0,4.0,0.9,0.2
478,572.0,operating,0.3597,Natural gas,0.187,0.0,4.0,0.9,0.2
479,25.0,operating,0.3784,Natural gas,0.187,0.0,4.0,0.9,0.2
480,230.0,shutdown_temporary,0.363,Natural gas,0.187,0.0,4.0,0.9,0.2
481,97.0,operating,0.3905,Natural gas,0.187,0.0,4.0,0.9,0.2
482,56.1,operating,0.5985,Natural gas,0.187,0.0,4.0,0.9,0.2
483,127.0,operating,0.5805,Natural gas,0.187,0.0,4.0,0.9,0.2
484,22.5,operating,0.3773,Natural gas,0.187,0.0,4.0,0.9,0.2
485,407.0,operating,0.576,Natural gas,0.187,0.0,4.0,0.9,0.2
486,410.0,operating,0.576,Natural gas,0.187,0.0,4.0,0.9,0.2
487,230.0,operating,0.5985,Natural gas,0.187,0.0,4.0,0.9,0.2
488,102.0,shutdown_temporary,0.3575,Natural gas,0.187,0.0,4.0,0.9,0.2
489,417.0,operating,0.5715,Natural gas,0.187,0.0,4.0,0.9,0.2
490,69.0,operating,0.5805,Natural gas,0.187,0.0,4.0,0.9,0.2
491,96.5,operating,0.3982,Natural gas,0.187,0.0,4.0,0.9,0.2
492,86.0,operating,0.3883,Natural gas,0.187,0.0,4.0,0.9,0.2
493,182.0,operating,0.522,Natural gas,0.187,0.0,4.0,0.9,0.2
494,11.6,operating,0.3729,Natural gas,0.187,0.0,4.0,0.9,0.2
495,353.0,operating,0.531,Natural gas,0.187,0.0,4.0,0.9,0.2
496,37.0,operating,0.3674,Natural gas,0.187,0.0,4.0,0.9,0.2
497,48.31,operating,0.3718,Natural gas,0.187,0.0,4.0,0.9,0.2
498,21.5,operating,0.3905,Natural gas,0.187,0.0,4.0,0.9,0.2
499,125.0,operating,0.4545,Natural gas,0.187,0.0,4.0,0.9,0.2
501,413.0,operating,0.576,Natural gas,0.187,0.0,4.0,0.9,0.2
502,108.0,operating,0.558,Natural gas,0.187,0.0,4.0,0.9,0.2
503,800.0,operating,0.5715,Natural gas,0.187,0.0,4.0,0.9,0.2
504,430.0,operating,0.5985,Natural gas,0.187,0.0,4.0,0.9,0.2
505,25.8,operating,0.3839,Natural gas,0.187,0.0,4.0,0.9,0.2
506,14.0,operating,0.4406,Natural gas,0.187,0.0,4.0,0.9,0.2
507,56.0,operating,0.3098,Natural gas,0.187,0.0,4.0,0.9,0.2
508,431.0,shutdown_temporary,0.3553,Natural gas,0.187,0.0,4.0,0.9,0.2
509,167.0,operating,0.585,Natural gas,0.187,0.0,4.0,0.9,0.2
510,39.0,operating,0.531,Natural gas,0.187,0.0,4.0,0.9,0.2
511,35.0,operating,0.513,Natural gas,0.187,0.0,4.0,0.9,0.2
512,35.0,operating,0.513,Natural gas,0.187,0.0,4.0,0.9,0.2
513,37.0,operating,0.513,Natural gas,0.187,0.0,4.0,0.9,0.2
514,25.0,operating,0.3641,Natural gas,0.187,0.0,4.0,0.9,0.2
515,116.0,operating,0.423,Natural gas,0.187,0.0,4.0,0.9,0.2
516,116.0,operating,0.4185,Natural gas,0.187,0.0,4.0,0.9,0.2
517,359.0,operating,0.4185,Natural gas,0.187,0.0,4.0,0.9,0.2
518,359.0,operating,0.423,Natural gas,0.187,0.0,4.0,0.9,0.2
519,887.0,operating,0.585,Natural gas,0.187,0.0,4.0,0.9,0.2
520,47.0,operating,0.3592,Natural gas,0.187,0.0,4.0,0.9,0.2
521,497.5,operating,0.5625,Natural gas,0.187,0.0,4.0,0.9,0.2
522,410.0,operating,0.5265,Natural gas,0.187,0.0,4.0,0.9,0.2
523,434.2,operating,0.54,Natural gas,0.187,0.0,4.0,0.9,0.2
524,335.0,operating,0.432,Natural gas,0.187,0.0,4.0,0.9,0.2
525,61.13,operating,0.5535,Natural gas,0.187,0.0,4.0,0.9,0.2
526,77.57,special_case,0.5535,Natural gas,0.187,0.0,4.0,0.9,0.2
529,79.7,operating,0.45,Natural gas,0.187,0.0,4.0,0.9,0.2
530,97.9,operating,0.45,Natural gas,0.187,0.0,4.0,0.9,0.2
531,97.9,operating,0.45,Natural gas,0.187,0.0,4.0,0.9,0.2
532,124.9,operating,0.558,Natural gas,0.187,0.0,4.0,0.9,0.2
533,123.9,operating,0.558,Natural gas,0.187,0.0,4.0,0.9,0.2
534,127.6,operating,0.558,Natural gas,0.187,0.0,4.0,0.9,0.2
535,104.14,operating,0.5625,Natural gas,0.187,0.0,4.0,0.9,0.2
536,75.0,operating,0.5265,Natural gas,0.187,0.0,4.0,0.9,0.2
537,25.4,special_case,0.3806,Natural gas,0.187,0.0,4.0,0.9,0.2
538,37.5,operating,0.3514,Natural gas,0.187,0.0,4.0,0.9,0.2
539,37.5,reserve,0.3956,Natural gas,0.187,0.0,4.0,0.9,0.2
540,37.5,reserve,0.3956,Natural gas,0.187,0.0,4.0,0.9,0.2
541,37.5,reserve,0.3956,Natural gas,0.187,0.0,4.0,0.9,0.2
542,36.5,operating,0.3462,Natural gas,0.187,0.0,4.0,0.9,0.2
543,36.5,operating,0.3462,Natural gas,0.187,0.0,4.0,0.9,0.2
544,36.5,operating,0.3462,Natural gas,0.187,0.0,4.0,0.9,0.2
545,36.5,operating,0.3462,Natural gas,0.187,0.0,4.0,0.9,0.2
546,75.0,operating,0.5625,Natural gas,0.187,0.0,4.0,0.9,0.2
547,75.0,operating,0.5625,Natural gas,0.187,0.0,4.0,0.9,0.2
548,383.0,seasonal_conservation,0.4185,Natural gas,0.187,0.0,4.0,0.9,0.2
549,440.0,seasonal_conservation,0.432,Natural gas,0.187,0.0,4.0,0.9,0.2
550,23.1,operating,0.3531,Natural gas,0.187,0.0,4.0,0.9,0.2
552,40.0,operating,0.3956,Natural gas,0.187,0.0,4.0,0.9,0.2
553,60.0,operating,0.5175,Natural gas,0.187,0.0,4.0,0.9,0.2
555,41.2,operating,0.45,Natural gas,0.187,0.0,4.0,0.9,0.2
556,52.0,operating,0.3993,Natural gas,0.187,0.0,4.0,0.9,0.2
557,118.5,operating,0.585,Natural gas,0.187,0.0,4.0,0.9,0.2
560,81.8,operating,0.3806,Natural gas,0.187,0.0,4.0,0.9,0.2
561,9.84,operating,0.4574,Natural gas,0.187,0.0,4.0,0.9,0.2
562,79.0,operating,0.3421,Natural gas,0.187,0.0,4.0,0.9,0.2
563,9.81,operating,0.4574,Natural gas,0.187,0.0,4.0,0.9,0.2
564,9.2,operating,0.4602,Natural gas,0.187,0.0,4.0,0.9,0.2
565,4.3,operating,0.4588,Natural gas,0.187,0.0,4.0,0.9,0.2
566,108.0,operating,0.522,Natural gas,0.187,0.0,4.0,0.9,0.2
567,26.5,operating,0.3146,Natural gas,0.187,0.0,4.0,0.9,0.2
568,112.1,operating,0.5355,Natural gas,0.187,0.0,4.0,0.9,0.2
569,75.0,operating,0.5625,Natural gas,0.187,0.0,4.0,0.9,0.2
570,122.0,operating,0.513,Natural gas,0.187,0.0,4.0,0.9,0.2
571,44.9,operating,0.3784,Natural gas,0.187,0.0,4.0,0.9,0.2
572,23.0,operating,0.3784,Natural gas,0.187,0.0,4.0,0.9,0.2
575,157.0,operating,0.6075,Natural gas,0.187,0.0,4.0,0.9,0.2
576,100.0,operating,0.6075,Natural gas,0.187,0.0,4.0,0.9,0.2
579,13.4,operating,0.385,Natural gas,0.187,0.0,4.0,0.9,0.2
580,846.0,operating,0.585,Natural gas,0.187,0.0,4.0,0.9,0.2
581,561.0,operating,0.5895,Natural gas,0.187,0.0,4.0,0.9,0.2
582,200.0,operating,0.3956,Natural gas,0.187,0.0,4.0,0.9,0.2
583,200.0,operating,0.3956,Natural gas,0.187,0.0,4.0,0.9,0.2
584,55.0,operating,0.4185,Natural gas,0.187,0.0,4.0,0.9,0.2
585,55.0,operating,0.4185,Natural gas,0.187,0.0,4.0,0.9,0.2
586,55.0,reserve,0.3553,Natural gas,0.187,0.0,4.0,0.9,0.2
587,55.0,operating,0.3553,Natural gas,0.187,0.0,4.0,0.9,0.2
588,355.0,shutdown_temporary,0.3553,Natural gas,0.187,0.0,4.0,0.9,0.2
589,355.0,operating,0.4185,Natural gas,0.187,0.0,4.0,0.9,0.2
590,355.0,operating,0.4185,Natural gas,0.187,0.0,4.0,0.9,0.2
591,112.0,operating,0.3384,Natural gas,0.187,0.0,4.0,0.9,0.2
592,25.015,operating,0.3916,Natural gas,0.187,0.0,4.0,0.9,0.2
593,40.0,operating,0.3817,Natural gas,0.187,0.0,4.0,0.9,0.2
594,59.0,operating,0.3927,Natural gas,0.187,0.0,4.0,0.9,0.2
595,88.019,operating,0.5625,Natural gas,0.187,0.0,4.0,0.9,0.2
596,23.0,operating,0.3531,Natural gas,0.187,0.0,4.0,0.9,0.2
597,25.0,operating,0.3773,Natural gas,0.187,0.0,4.0,0.9,0.2
598,29.5,operating,0.4034,Natural gas,0.187,0.0,4.0,0.9,0.2
599,44.5,operating,0.393,Natural gas,0.187,0.0,4.0,0.9,0.2
600,27.0,operating,0.3806,Natural gas,0.187,0.0,4.0,0.9,0.2
601,15.1,operating,0.3806,Natural gas,0.187,0.0,4.0,0.9,0.2
602,29.0,shutdown_temporary,0.3487,Natural gas,0.187,0.0,4.0,0.9,0.2
603,20.4,operating,0.3586,Natural gas,0.187,0.0,4.0,0.9,0.2
604,9.7,operating,0.3784,Natural gas,0.187,0.0,4.0,0.9,0.2
605,11.4,operating,0.3839,Natural gas,0.187,0.0,4.0,0.9,0.2
606,10.2,operating,0.3566,Natural gas,0.187,0.0,4.0,0.9,0.2
607,0.9,operating,0.3905,Natural gas,0.187,0.0,4.0,0.9,0.2
608,10.0,operating,0.3774,Natural gas,0.187,0.0,4.0,0.9,0.2
611,14.0,operating,0.319,Natural gas,0.187,0.0,4.0,0.9,0.2
612,10.2,operating,0.385,Natural gas,0.187,0.0,4.0,0.9,0.2
613,13.5,operating,0.3861,Natural gas,0.187,0.0,4.0,0.9,0.2
614,11.4,operating,0.3872,Natural gas,0.187,0.0,4.0,0.9,0.2
615,15.5,operating,0.396,Natural gas,0.187,0.0,4.0,0.9,0.2
616,15.8,operating,0.5445,Natural gas,0.187,0.0,4.0,0.9,0.2
617,10.2,operating,0.4037,Natural gas,0.187,0.0,4.0,0.9,0.2
618,12.6,operating,0.3861,Natural gas,0.187,0.0,4.0,0.9,0.2
619,12.5,operating,0.3938,Natural gas,0.187,0.0,4.0,0.9,0.2
620,11.96,operating,0.5535,Natural gas,0.187,0.0,4.0,0.9,0.2
624,15.1,operating,0.385,Natural gas,0.187,0.0,4.0,0.9,0.2
625,64.0,operating,0.3344,Natural gas,0.187,0.0,4.0,0.9,0.2
626,76.0,operating,0.4004,Natural gas,0.187,0.0,4.0,0.9,0.2
627,95.0,operating,0.3993,Natural gas,0.187,0.0,4.0,0.9,0.2
628,13.5,operating,0.3795,Natural gas,0.187,0.0,4.0,0.9,0.2
629,20.0,operating,0.3795,Natural gas,0.187,0.0,4.0,0.9,0.2
630,51.9,operating,0.3696,Natural gas,0.187,0.0,4.0,0.9,0.2
631,11.5,operating,0.3751,Natural gas,0.187,0.0,4.0,0.9,0.2
632,11.0,operating,0.3564,Natural gas,0.187,0.0,4.0,0.9,0.2
633,18.9,operating,0.4004,Natural gas,0.187,0.0,4.0,0.9,0.2
634,3.0,operating,0.3795,Natural gas,0.187,0.0,4.0,0.9,0.2
635,27.0,operating,0.3861,Natural gas,0.187,0.0,4.0,0.9,0.2
636,9.5,special_case,0.3762,Natural gas,0.187,0.0,4.0,0.9,0.2
637,7.44,operating,0.3883,Natural gas,0.187,0.0,4.0,0.9,0.2
638,24.0,operating,0.3861,Natural gas,0.187,0.0,4.0,0.9,0.2
639,13.11,operating,0.5085,Natural gas,0.187,0.0,4.0,0.9,0.2
640,24.0,operating,0.3795,Natural gas,0.187,0.0,4.0,0.9,0.2
641,12.181,operating,0.3718,Natural gas,0.187,0.0,4.0,0.9,0.2
642,11.3377,operating,0.3509,Natural gas,0.187,0.0,4.0,0.9,0.2
643,11.6188,operating,0.3498,Natural gas,0.187,0.0,4.0,0.9,0.2
644,14.8,operating,0.549,Natural gas,0.187,0.0,4.0,0.9,0.2
645,58.1,operating,0.3729,Natural gas,0.187,0.0,4.0,0.9,0.2
646,0.48,operating,0.3498,Natural gas,0.187,0.0,4.0,0.9,0.2
647,84.0,operating,0.3278,Natural gas,0.187,0.0,4.0,0.9,0.2
649,47.0,operating,0.5985,Natural gas,0.187,0.0,4.0,0.9,0.2
650,34.3,operating,0.3828,Natural gas,0.187,0.0,4.0,0.9,0.2
651,23.3,operating,0.3773,Natural gas,0.187,0.0,4.0,0.9,0.2
652,18.1,operating,0.3806,Natural gas,0.187,0.0,4.0,0.9,0.2
653,11.4,operating,0.3839,Natural gas,0.187,0.0,4.0,0.9,0.2
654,18.879,operating,0.3762,Natural gas,0.187,0.0,4.0,0.9,0.2
655,18.72,operating,0.3817,Natural gas,0.187,0.0,4.0,0.9,0.2
656,15.68,operating,0.3619,Natural gas,0.187,0.0,4.0,0.9,0.2
657,30.72,operating,0.4112,Natural gas,0.187,0.0,4.0,0.9,0.2
658,4.2,operating,0.3618,Natural gas,0.187,0.0,4.0,0.9,0.2
659,4.2,operating,0.3618,Natural gas,0.187,0.0,4.0,0.9,0.2
660,5.1,operating,0.3644,Natural gas,0.187,0.0,4.0,0.9,0.2
661,5.1,operating,0.367,Natural gas,0.187,0.0,4.0,0.9,0.2
662,13.0,operating,0.54,Natural gas,0.187,0.0,4.0,0.9,0.2
663,38.61,operating,0.3982,Natural gas,0.187,0.0,4.0,0.9,0.2
664,13.2,special_case,0.374,Natural gas,0.187,0.0,4.0,0.9,0.2
665,94.6,operating,0.4138,Natural gas,0.187,0.0,4.0,0.9,0.2
666,13.2,operating,0.3784,Natural gas,0.187,0.0,4.0,0.9,0.2
667,26.2,operating,0.3982,Natural gas,0.187,0.0,4.0,0.9,0.2
668,7.5,operating,0.3652,Natural gas,0.187,0.0,4.0,0.9,0.2
669,30.6,special_case,0.3333,Natural gas,0.187,0.0,4.0,0.9,0.2
670,17.11,special_case,0.3883,Natural gas,0.187,0.0,4.0,0.9,0.2
671,12.6,operating,0.3971,Natural gas,0.187,0.0,4.0,0.9,0.2
672,21.1,operating,0.3982,Natural gas,0.187,0.0,4.0,0.9,0.2
673,13.04,operating,0.3993,Natural gas,0.187,0.0,4.0,0.9,0.2
674,22.1,operating,0.3773,Natural gas,0.187,0.0,4.0,0.9,0.2
675,23.4,special_case,0.3784,Natural gas,0.187,0.0,4.0,0.9,0.2
676,66.0,operating,0.3806,Natural gas,0.187,0.0,4.0,0.9,0.2
677,30.0,operating,0.3421,Natural gas,0.187,0.0,4.0,0.9,0.2
678,11.4,operating,0.504,Natural gas,0.187,0.0,4.0,0.9,0.2
679,27.4,operating,0.5985,Natural gas,0.187,0.0,4.0,0.9,0.2
680,8.4,shutdown_temporary,0.3531,Natural gas,0.187,0.0,4.0,0.9,0.2
681,12.75,operating,0.3509,Natural gas,0.187,0.0,4.0,0.9,0.2
682,38.0,operating,0.3993,Natural gas,0.187,0.0,4.0,0.9,0.2
683,13.4,operating,0.3993,Natural gas,0.187,0.0,4.0,0.9,0.2
684,10.1,operating,0.363,Natural gas,0.187,0.0,4.0,0.9,0.2
685,60.76,operating,0.4026,Natural gas,0.187,0.0,4.0,0.9,0.2
686,10.4,operating,0.4004,Natural gas,0.187,0.0,4.0,0.9,0.2
687,16.8,operating,0.4004,Natural gas,0.187,0.0,4.0,0.9,0.2
688,595.0,operating,0.612,Natural gas,0.187,0.0,4.0,0.9,0.2
689,459.9,operating,0.4026,Natural gas,0.187,0.0,4.0,0.9,0.2
690,78.0,operating,0.612,Natural gas,0.187,0.0,4.0,0.9,0.2
691,444.5,operating,0.612,Natural gas,0.187,0.0,4.0,0.9,0.2
692,15.0,operating,0.3542,Natural gas,0.187,0.0,4.0,0.9,0.2
693,22.0,operating,0.4026,Natural gas,0.187,0.0,4.0,0.9,0.2
694,10.6,operating,0.3982,Natural gas,0.187,0.0,4.0,0.9,0.2
695,2.65,operating,0.4026,Natural gas,0.187,0.0,4.0,0.9,0.2
696,19.5,operating,0.4164,Natural gas,0.187,0.0,4.0,0.9,0.2
697,38.7,operating,0.4048,Natural gas,0.187,0.0,4.0,0.9,0.2
698,16.0,operating,0.4037,Natural gas,0.187,0.0,4.0,0.9,0.2
699,29.0,operating,0.4026,Natural gas,0.187,0.0,4.0,0.9,0.2
700,29.151,operating,0.4048,Natural gas,0.187,0.0,4.0,0.9,0.2
701,11.5,operating,0.4048,Natural gas,0.187,0.0,4.0,0.9,0.2
702,17.3,operating,0.4048,Natural gas,0.187,0.0,4.0,0.9,0.2
703,22.1,operating,0.4048,Natural gas,0.187,0.0,4.0,0.9,0.2
704,10.0,operating,0.4048,Natural gas,0.187,0.0,4.0,0.9,0.2
705,17.6,operating,0.4059,Natural gas,0.187,0.0,4.0,0.9,0.2
706,289.0,operating,0.4059,Natural gas,0.187,0.0,4.0,0.9,0.2
707,38.7,operating,0.4048,Natural gas,0.187,0.0,4.0,0.9,0.2
708,15.0,operating,0.341,Natural gas,0.187,0.0,4.0,0.9,0.2
709,13.5,operating,0.4059,Natural gas,0.187,0.0,4.0,0.9,0.2
710,188.0,operating,0.4059,Natural gas,0.187,0.0,4.0,0.9,0.2
711,13.5,operating,0.4059,Natural gas,0.187,0.0,4.0,0.9,0.2
712,13.6,operating,0.4059,Natural gas,0.187,0.0,4.0,0.9,0.2
713,1410.0,operating,0.33,Nuclear,0.0,5.5,8.0,0.8,0.35
714,1360.0,operating,0.33,Nuclear,0.0,5.5,8.0,0.8,0.35
715,1410.0,operating,0.33,Nuclear,0.0,5.5,8.0,0.8,0.35
717,1284.0,reserve,0.33,Nuclear,0.0,5.5,8.0,0.8,0.35
718,1288.0,operating,0.33,Nuclear,0.0,5.5,8.0,0.8,0.35
719,1336.0,operating,0.33,Nuclear,0.0,5.5,8.0,0.8,0.35
720,1310.0,operating,0.33,Nuclear,0.0,5.5,8.0,0.8,0.35
721,1402.0,reserve,0.33,Nuclear,0.0,5.5,8.0,0.8,0.35
723,184.0,operating,0.3531553191489362,Oil,0.248,0.0,3.0,0.85,0.25
724,92.0,reserve,0.3531553191489362,Oil,0.248,0.0,3.0,0.85,0.25
725,34.0,operating,0.3531553191489362,Oil,0.248,0.0,3.0,0.85,0.25
727,86.0,operating,0.3531553191489362,Oil,0.248,0.0,3.0,0.85,0.25
732,86.2,operating,0.3531553191489362,Oil,0.248,0.0,3.0,0.85,0.25
733,30.0,reserve,0.3531553191489362,Oil,0.248,0.0,3.0,0.85,0.25
734,24.8,operating,0.3971,Oil,0.248,0.0,3.0,0.85,0.25
735,17.0,operating,0.3795,Oil,0.248,0.0,3.0,0.85,0.25
736,120.0,operating,0.3644,Oil,0.248,0.0,3.0,0.85,0.25
737,386.0,operating,0.3553,Oil,0.248,0.0,3.0,0.85,0.25
738,386.0,operating,0.3564,Oil,0.248,0.0,3.0,0.85,0.25
739,23.4,operating,0.3531553191489362,Oil,0.248,0.0,3.0,0.85,0.25
740,23.4,operating,0.3531553191489362,Oil,0.248,0.0,3.0,0.85,0.25
741,23.4,operating,0.3531553191489362,Oil,0.248,0.0,3.0,0.85,0.25
742,23.4,operating,0.3531553191489362,Oil,0.248,0.0,3.0,0.85,0.25
743,45.0,operating,0.3795,Oil,0.248,0.0,3.0,0.85,0.25
744,25.0,operating,0.3795,Oil,0.248,0.0,3.0,0.85,0.25
745,97.1,operating,0.38,Oil,0.248,0.0,3.0,0.85,0.25
746,92.5,operating,0.38,Oil,0.248,0.0,3.0,0.85,0.25
747,77.4,operating,0.3531553191489362,Oil,0.248,0.0,3.0,0.85,0.25
748,85.0,operating,0.38,Oil,0.248,0.0,3.0,0.85,0.25
749,263.5,operating,0.38,Oil,0.248,0.0,3.0,0.85,0.25
750,88.0,operating,0.3542,Oil,0.248,0.0,3.0,0.85,0.25
751,87.0,operating,0.3553,Oil,0.248,0.0,3.0,0.85,0.25
752,28.0,operating,0.3542,Oil,0.248,0.0,3.0,0.85,0.25
753,34.5,operating,0.3784,Oil,0.248,0.0,3.0,0.85,0.25
754,106.0,operating,0.3828,Oil,0.248,0.0,3.0,0.85,0.25
755,106.0,operating,0.3828,Oil,0.248,0.0,3.0,0.85,0.25
756,59.0,operating,0.3971,Oil,0.248,0.0,3.0,0.85,0.25
757,23.3,operating,0.3564,Oil,0.248,0.0,3.0,0.85,0.25
758,23.3,operating,0.3564,Oil,0.248,0.0,3.0,0.85,0.25
759,23.3,operating,0.3564,Oil,0.248,0.0,3.0,0.85,0.25
760,415.0,operating,0.3564,Oil,0.248,0.0,3.0,0.85,0.25
761,136.0,operating,0.3531553191489362,Oil,0.248,0.0,3.0,0.85,0.25
762,24.0,operating,0.3531553191489362,Oil,0.248,0.0,3.0,0.85,0.25
763,10.5,operating,0.3608,Oil,0.248,0.0,3.0,0.85,0.25
764,50.5,operating,0.3531553191489362,Oil,0.248,0.0,3.0,0.85,0.25
765,50.5,operating,0.3531553191489362,Oil,0.248,0.0,3.0,0.85,0.25
766,206.0,shutdown_temporary,0.3575,Oil,0.248,0.0,3.0,0.85,0.25
767,56.0,operating,0.3531553191489362,Oil,0.248,0.0,3.0,0.85,0.25
768,60.0,operating,0.38,Oil,0.248,0.0,3.0,0.85,0.25
769,50.0,operating,0.3531553191489362,Oil,0.248,0.0,3.0,0.85,0.25
770,4.8,operating,0.3817,Oil,0.248,0.0,3.0,0.85,0.25
771,11.4,operating,0.3718,Oil,0.248,0.0,3.0,0.85,0.25
772,11.4,operating,0.3608,Oil,0.248,0.0,3.0,0.85,0.25
773,90.0,operating,0.3531553191489362,Oil,0.248,0.0,3.0,0.85,0.25
774,0.8,operating,0.3795,Oil,0.248,0.0,3.0,0.85,0.25
776,0.5,operating,0.3751,Oil,0.248,0.0,3.0,0.85,0.25
778,160.0,operating,0.3531553191489362,Oil,0.248,0.0,3.0,0.85,0.25
780,60.0,operating,0.3531553191489362,Oil,0.248,0.0,3.0,0.85,0.25
781,95.0,operating,0.3531553191489362,Oil,0.248,0.0,3.0,0.85,0.25
782,170.0,operating,0.3531553191489362,Oil,0.248,0.0,3.0,0.85,0.25
783,23.5,operating,0.3531553191489362,Oil,0.248,0.0,3.0,0.85,0.25
784,45.0,operating,0.3531553191489362,Oil,0.248,0.0,3.0,0.85,0.25
785,56.0,operating,0.3531553191489362,Oil,0.248,0.0,3.0,0.85,0.25
786,19.7,reserve,0.3531553191489362,Oil,0.248,0.0,3.0,0.85,0.25
787,59.0,operating,0.3531553191489362,Oil,0.248,0.0,3.0,0.85,0.25
788,101.0,operating,0.3531553191489362,Oil,0.248,0.0,3.0,0.85,0.25
789,225.0,operating,0.3531553191489362,Oil,0.248,0.0,3.0,0.85,0.25
790,303.0,operating,0.3531553191489362,Oil,0.248,0.0,3.0,0.85,0.25
791,303.0,operating,0.3531553191489362,Oil,0.248,0.0,3.0,0.85,0.25
792,8.7,operating,0.3531553191489362,Oil,0.248,0.0,3.0,0.85,0.25
793,14.0,operating,0.3531553191489362,Oil,0.248,0.0,3.0,0.85,0.25
794,20.0,operating,0.3531553191489362,Oil,0.248,0.0,3.0,0.85,0.25
795,87.5,operating,0.3531553191489362,Oil,0.248,0.0,3.0,0.85,0.25
796,53.6,operating,0.3531553191489362,Oil,0.248,0.0,3.0,0.85,0.25
797,94.5,operating,0.3531553191489362,Oil,0.248,0.0,3.0,0.85,0.25
798,97.0,operating,0.3531553191489362,Oil,0.248,0.0,3.0,0.85,0.25
799,97.0,operating,0.3531553191489362,Oil,0.248,0.0,3.0,0.85,0.25
800,85.0,operating,0.3531553191489362,Oil,0.248,0.0,3.0,0.85,0.25
801,6.0,operating,0.3531553191489362,Oil,0.248,0.0,3.0,0.85,0.25
802,15.5,operating,0.3531553191489362,Oil,0.248,0.0,3.0,0.85,0.25
803,19.2,operating,0.3531553191489362,Oil,0.248,0.0,3.0,0.85,0.25
804,15.5,operating,0.3531553191489362,Oil,0.248,0.0,3.0,0.85,0.25
805,10.4,operating,0.3531553191489362,Oil,0.248,0.0,3.0,0.85,0.25
806,33.6,operating,0.3531553191489362,Oil,0.248,0.0,3.0,0.85,0.25
807,38.0,operating,0.3531553191489362,Oil,0.248,0.0,3.0,0.85,0.25
808,21.0,seasonal_conservation,0.3531553191489362,Oil,0.248,0.0,3.0,0.85,0.25
809,28.0,operating,0.3531553191489362,Oil,0.248,0.0,3.0,0.85,0.25
810,10.3,operating,0.3531553191489362,Oil,0.248,0.0,3.0,0.85,0.25
811,44.5,operating,0.3531553191489362,Oil,0.248,0.0,3.0,0.85,0.25
812,15.0,operating,0.3531553191489362,Oil,0.248,0.0,3.0,0.85,0.25
813,15.0,operating,0.3531553191489362,Oil,0.248,0.0,3.0,0.85,0.25
814,15.0,operating,0.3531553191489362,Oil,0.248,0.0,3.0,0.85,0.25
815,15.0,operating,0.3531553191489362,Oil,0.248,0.0,3.0,0.85,0.25
816,15.0,operating,0.3531553191489362,Oil,0.248,0.0,3.0,0.85,0.25
817,15.0,operating,0.3531553191489362,Oil,0.248,0.0,3.0,0.85,0.25
818,12.5,operating,0.3531553191489362,Oil,0.248,0.0,3.0,0.85,0.25
819,26.5,operating,0.3531553191489362,Oil,0.248,0.0,3.0,0.85,0.25
820,12.5,operating,0.3531553191489362,Oil,0.248,0.0,3.0,0.85,0.25
821,18.0,operating,0.3531553191489362,Oil,0.248,0.0,3.0,0.85,0.25
822,16.0,operating,0.3531553191489362,Oil,0.248,0.0,3.0,0.85,0.25
823,48.0,operating,0.3531553191489362,Oil,0.248,0.0,3.0,0.85,0.25
824,36.0,operating,0.33,Waste,0.0,0.0,1.0,1.0,0.0
825,35.0,operating,0.33,Waste,0.0,0.0,1.0,1.0,0.0
826,34.0,operating,0.33,Waste,0.0,0.0,1.0,1.0,0.0
827,12.0,operating,0.33,Waste,0.0,0.0,1.0,1.0,0.0
828,33.0,operating,0.33,Waste,0.0,0.0,1.0,1.0,0.0
829,48.9,special_case,0.33,Waste,0.0,0.0,1.0,1.0,0.0
830,53.7,operating,0.33,Waste,0.0,0.0,1.0,1.0,0.0
831,26.0,operating,0.33,Waste,0.0,0.0,1.0,1.0,0.0
832,46.5,operating,0.33,Waste,0.0,0.0,1.0,1.0,0.0
833,23.3,operating,0.33,Waste,0.0,0.0,1.0,1.0,0.0
834,24.0,operating,0.33,Waste,0.0,0.0,1.0,1.0,0.0
835,13.2,operating,0.33,Waste,0.0,0.0,1.0,1.0,0.0
836,22.5,operating,0.33,Waste,0.0,0.0,1.0,1.0,0.0
837,37.5,operating,0.33,Waste,0.0,0.0,1.0,1.0,0.0
838,38.0,operating,0.33,Waste,0.0,0.0,1.0,1.0,0.0
839,16.25,operating,0.33,Waste,0.0,0.0,1.0,1.0,0.0
840,16.25,operating,0.33,Waste,0.0,0.0,1.0,1.0,0.0
841,12.0,operating,0.33,Waste,0.0,0.0,1.0,1.0,0.0
842,29.2,operating,0.33,Waste,0.0,0.0,1.0,1.0,0.0
843,29.2,operating,0.33,Waste,0.0,0.0,1.0,1.0,0.0
846,8.65,operating,0.33,Waste,0.0,0.0,1.0,1.0,0.0
847,22.1,operating,0.33,Waste,0.0,0.0,1.0,1.0,0.0
848,5.37,operating,0.33,Waste,0.0,0.0,1.0,1.0,0.0
849,3.88,operating,0.33,Waste,0.0,0.0,1.0,1.0,0.0
850,18.0,operating,0.33,Waste,0.0,0.0,1.0,1.0,0.0
851,40.4,operating,0.33,Waste,0.0,0.0,1.0,1.0,0.0
852,21.1,operating,0.33,Waste,0.0,0.0,1.0,1.0,0.0
853,9.0,operating,0.33,Waste,0.0,0.0,1.0,1.0,0.0
854,30.0,operating,0.33,Waste,0.0,0.0,1.0,1.0,0.0
855,24.4,operating,0.33,Waste,0.0,0.0,1.0,1.0,0.0
856,19.5,operating,0.33,Waste,0.0,0.0,1.0,1.0,0.0
857,18.0,operating,0.33,Waste,0.0,0.0,1.0,1.0,0.0
858,22.0,operating,0.33,Waste,0.0,0.0,1.0,1.0,0.0
859,27.0,operating,0.33,Waste,0.0,0.0,1.0,1.0,0.0
860,9.9,operating,0.33,Waste,0.0,0.0,1.0,1.0,0.0
861,9.5,operating,0.33,Waste,0.0,0.0,1.0,1.0,0.0
862,44.0,operating,0.33,Waste,0.0,0.0,1.0,1.0,0.0
863,14.0,operating,0.33,Waste,0.0,0.0,1.0,1.0,0.0
864,12.5,operating,0.33,Waste,0.0,0.0,1.0,1.0,0.0
865,13.6,operating,0.33,Waste,0.0,0.0,1.0,1.0,0.0
866,11.0,operating,0.33,Waste,0.0,0.0,1.0,1.0,0.0
867,14.6,operating,0.33,Waste,0.0,0.0,1.0,1.0,0.0
868,15.5,operating,0.33,Waste,0.0,0.0,1.0,1.0,0.0
869,11.7,operating,0.33,Waste,0.0,0.0,1.0,1.0,0.0
870,25.5,operating,0.33,Waste,0.0,0.0,1.0,1.0,0.0
871,16.0,operating,0.33,Waste,0.0,0.0,1.0,1.0,0.0
872,14.7,operating,0.33,Waste,0.0,0.0,1.0,1.0,0.0
873,45.1,operating,0.33,Waste,0.0,0.0,1.0,1.0,0.0
874,13.5,special_case,0.33,Waste,0.0,0.0,1.0,1.0,0.0
875,13.8,operating,0.33,Waste,0.0,0.0,1.0,1.0,0.0
876,1.5,operating,0.33,Waste,0.0,0.0,1.0,1.0,0.0
877,2.8,operating,0.33,Waste,0.0,0.0,1.0,1.0,0.0
878,1.5,operating,0.33,Waste,0.0,0.0,1.0,1.0,0.0
879,15.7,operating,0.33,Waste,0.0,0.0,1.0,1.0,0.0
880,28.0,operating,0.33,Waste,0.0,0.0,1.0,1.0,0.0
881,23.0,operating,0.33,Waste,0.0,0.0,1.0,1.0,0.0
882,15.6,operating,0.33,Waste,0.0,0.0,1.0,1.0,0.0
883,14.5,operating,0.33,Waste,0.0,0.0,1.0,1.0,0.0
884,15.0,operating,0.33,Waste,0.0,0.0,1.0,1.0,0.0
885,2.5,operating,0.33,Waste,0.0,0.0,1.0,1.0,0.0
886,14.5,operating,0.33,Waste,0.0,0.0,1.0,1.0,0.0
887,17.0,operating,0.33,Waste,0.0,0.0,1.0,1.0,0.0
888,16.0,operating,0.33,Waste,0.0,0.0,1.0,1.0,0.0
889,54.0,operating,0.33,Waste,0.0,0.0,1.0,1.0,0.0
890,28.9,operating,0.33,Waste,0.0,0.0,1.0,1.0,0.0
891,24.0,operating,0.33,Waste,0.0,0.0,1.0,1.0,0.0
892,12.1,operating,0.33,Waste,0.0,0.0,1.0,1.0,0.0
893,12.61,operating,0.33,Waste,0.0,0.0,1.0,1.0,0.0
894,12.5,operating,0.33,Waste,0.0,0.0,1.0,1.0,0.0
895,10.0,operating,0.33,Waste,0.0,0.0,1.0,1.0,0.0
896,30.0,operating,0.33,Waste,0.0,0.0,1.0,1.0,0.0
897,17.0,operating,0.33,Waste,0.0,0.0,1.0,1.0,0.0
898,11.6,operating,0.33,Waste,0.0,0.0,1.0,1.0,0.0
899,8.7,operating,0.33,Waste,0.0,0.0,1.0,1.0,0.0
900,12.0,operating,0.33,Waste,0.0,0.0,1.0,1.0,0.0
901,33.4,operating,0.33,Waste,0.0,0.0,1.0,1.0,0.0
902,18.7,operating,0.33,Waste,0.0,0.0,1.0,1.0,0.0
903,10.5,operating,0.33,Waste,0.0,0.0,1.0,1.0,0.0
904,18.0,operating,0.33,Waste,0.0,0.0,1.0,1.0,0.0
PHS,1.0,operating,0.75,PHS,0.0,0.0,1.0,1.0,0.0
Photovoltaics,67529.0,operating,1.0,Photovoltaics,0.0,0.0,1.0,1.0,0.0
Wind onshore,58014.0,operating,1.0,Wind onshore,0.0,0.0,2.3,1.0,0.0
Wind offshore,8129.0,operating,1.0,Wind offshore,0.0,0.0,2.7,1.0,0.0
